{
    "best_model": "VotingRegressor",
    "best_r2": 0.8805187786148747,
    "all_models": {
        "Linear Regression": {
            "mae": 5383.410590535852,
            "rmse": 12202.8803954899,
            "r2": 0.8563511155037385
        },
        "Ridge Regression": {
            "mae": 5360.130312263812,
            "rmse": 12059.02397477238,
            "r2": 0.8597180268844156
        },
        "Lasso Regression": {
            "mae": 5370.010466118524,
            "rmse": 11983.339882022883,
            "r2": 0.8614733590992277
        },
        "Decision Tree": {
            "mae": 5536.570280020819,
            "rmse": 16149.47783587358,
            "r2": 0.7484093378556016
        },
        "Random Forest": {
            "mae": 4872.138933259996,
            "rmse": 11265.43243786447,
            "r2": 0.8775741062425808
        },
        "Gradient Boosting": {
            "mae": 7159.171997904883,
            "rmse": 13278.654735792323,
            "r2": 0.8299072878393858
        },
        "SVR": {
            "mae": 5493.2817244688185,
            "rmse": 12282.063526652477,
            "r2": 0.8544808238600861
        },
        "KNN": {
            "mae": 8041.935333826412,
            "rmse": 16856.620572713586,
            "r2": 0.7258939815632657
        },
        "VotingRegressor": {
            "mae": 4863.36304782587,
            "rmse": 11129.125822846896,
            "r2": 0.8805187786148747
        }
    },
    "data_shape": {
        "rows": 5524,
        "columns": 11
    },
    "features": [
        "poster_status",
        "room_size",
        "unit_type",
        "project_name_grouped",
        "amenity_count",
        "kitchen_ready",
        "move_in_ready",
        "comfort_score",
        "room_size_group",
        "is_popular_project"
    ],
    "target": "rental",
    "feature_importance": {
        "method": "permutation_importance",
        "scoring": "r2",
        "top_features": [
            {
                "feature": "room_size",
                "importance_mean": 0.9112,
                "importance_std": 0.0569
            },
            {
                "feature": "project_name_grouped",
                "importance_mean": 0.3592,
                "importance_std": 0.0345
            },
            {
                "feature": "room_size_group",
                "importance_mean": 0.0771,
                "importance_std": 0.0047
            },
            {
                "feature": "is_popular_project",
                "importance_mean": 0.0283,
                "importance_std": 0.0052
            },
            {
                "feature": "move_in_ready",
                "importance_mean": 0.0075,
                "importance_std": 0.0025
            }
        ]
    }
}